,count,unique,top,freq,mean,std,min,25%,50%,75%,max
Unnamed: 0,5190.0,,,,2595.5,1498.3682791623694,1.0,1298.25,2595.5,3892.75,5190.0
visits,5190.0,,,,0.3017341040462428,0.79813383141369,0.0,0.0,0.0,0.0,9.0
gender,5190,2,female,2702,,,,,,,
age,5190.0,,,,0.40638535645472057,0.20478181672780812,0.19,0.22,0.32,0.62,0.72
income,5190.0,,,,0.583159922928709,0.3689066983714032,0.0,0.25,0.55,0.9,1.5
illness,5190.0,,,,1.4319845857418112,1.384152421572526,0.0,0.0,1.0,2.0,5.0
reduced,5190.0,,,,0.861849710982659,2.8876284060259936,0.0,0.0,0.0,0.0,14.0
health,5190.0,,,,1.217533718689788,2.1242664806617872,0.0,0.0,0.0,2.0,12.0
private,5190,2,no,2892,,,,,,,
freepoor,5190,2,no,4968,,,,,,,
freerepat,5190,2,no,4099,,,,,,,
nchronic,5190,2,no,3098,,,,,,,
lchronic,5190,2,no,4585,,,,,,,
